id,name,cost,type,rarity,scope,multiplayer_only,base_effect,upgrade_effect,keywords,archetypes,roles,upgrade_kind,pure_utility,interpretation,source_url
Acting,演技,1,Skill,Common,普通奖励,False,抽2；获得1层转换人格；立即切换形态。,基础效果同左，应用以下变化：抽2→3；额外获得本回合2力量、2敏捷。,无固定关键词,切换引擎,Generator、Enabler、Utility,混合,False,升级后同时支援力量与敏捷，基础版不计桥梁。,https://github.com/FFTYYY/sts2-MzmChar-mod/blob/03dc9add4db955351e05bcfce06cf2889f25a695/src/Game/CharacterContent/Cards/Acting.cs#L45
Addiction,依存症,1,Power,Rare,普通奖励,False,每次实际切换形态，获得4格挡。,基础效果同左，应用以下变化：增加固有。,无固定关键词,切换引擎、敏捷格挡转化,Payoff、Build-around、Bridge,功能,False,切换次数转化为防御，可接格挡转活力。,https://github.com/FFTYYY/sts2-MzmChar-mod/blob/03dc9add4db955351e05bcfce06cf2889f25a695/src/Game/CharacterContent/Cards/Addiction.cs#L35
Alone,独处,1,Skill,Rare,普通奖励,False,睦：8格挡，每3敏捷获得1力量；墨：10伤害，每3力量获得1敏捷。,基础效果同左，应用以下变化：格挡8→12；伤害10→15。,无固定关键词,敏捷格挡转化、力量活力多段,Generator、Payoff、Bridge,数值,False,敏捷与力量互相转化；正数层数按整数除法。,https://github.com/FFTYYY/sts2-MzmChar-mod/blob/03dc9add4db955351e05bcfce06cf2889f25a695/src/Game/CharacterContent/Cards/Alone.cs#L29
BackPersona,里人格,0,Skill,Token,生成牌,False,进入小墨；下次回合开始时保留格挡。【保留】,基础效果同左，应用以下变化：额外获得7格挡。,保留,切换引擎、敏捷格挡转化,Enabler、Bridge,功能,False,形态调度连接格挡存储。,https://github.com/FFTYYY/sts2-MzmChar-mod/blob/03dc9add4db955351e05bcfce06cf2889f25a695/src/Game/CharacterContent/Cards/BackPersona.cs#L50
Backstage,候场,0,Skill,Common,普通奖励,False,非演奏会：1演艺热情；演奏会：12格挡。【虚无、消耗、演奏】,基础效果同左，应用以下变化：格挡12→16。,虚无、消耗、演奏,演奏会,Generator、Payoff、Utility,数值,False,演奏牌均有虚无、消耗；离开窗口仍能产资源。,https://github.com/FFTYYY/sts2-MzmChar-mod/blob/03dc9add4db955351e05bcfce06cf2889f25a695/src/Game/CharacterContent/Cards/Backstage.cs#L45
BeatMirror,砸碎镜子,0,Attack,Common,普通奖励,False,睦：3活力，目标1易伤；墨：5伤害，目标1虚弱。,基础效果同左，应用以下变化：易伤1→2；伤害5→8。,无固定关键词,力量活力多段,Generator、Enabler、Utility,数值,False,铺垫与伤害同卡，不因双形态自动记为跨流派桥梁。,https://github.com/FFTYYY/sts2-MzmChar-mod/blob/03dc9add4db955351e05bcfce06cf2889f25a695/src/Game/CharacterContent/Cards/BeatMirror.cs#L48
BecomeMain,成为本尊,1,Skill,Rare,普通奖励,False,本回合禁止切换。睦：获得3能量；墨：随机敌人15伤害，15格挡。【消耗】,基础效果同左，应用以下变化：移除消耗。,消耗,泛用,Enabler、Utility,功能,False,支付1后睦净得2能量；升级允许战斗内重复循环。,https://github.com/FFTYYY/sts2-MzmChar-mod/blob/03dc9add4db955351e05bcfce06cf2889f25a695/src/Game/CharacterContent/Cards/BecomeMain.cs#L49
BrainBully,脑内霸凌,1,Attack,Uncommon,普通奖励,False,睦：2回合内，目标易伤生效时，伤害倍率额外+0.5；墨：10伤害，2回合内目标虚弱生效时，输出倍率额外-0.25。,基础效果同左，应用以下变化：两种额外效果持续2→4回合。,无固定关键词,力量活力多段,Payoff、Enabler、Utility,数值,False,效果本身不施加易伤或虚弱；在原倍率上加减，非再次乘1.5或0.75。,https://github.com/FFTYYY/sts2-MzmChar-mod/blob/03dc9add4db955351e05bcfce06cf2889f25a695/src/Game/CharacterContent/Cards/BrainBully.cs#L47
BullyingYou,霸凌着你,0,Skill,Uncommon,普通奖励,True,另一玩家获得2能量、抽1，受到3不可格挡且不受增减伤修正的伤害，并获得2易伤。,基础效果同左，应用以下变化：能量2→3；抽1→2。,无固定关键词,生成协作,Generator、Utility,数值,False,仅多人；这里的自损走伤害事件，不能视为无事件HP扣除。,https://github.com/FFTYYY/sts2-MzmChar-mod/blob/03dc9add4db955351e05bcfce06cf2889f25a695/src/Game/CharacterContent/Cards/BullyingYou.cs#L43
CantPlayAtAll,全都不会弹！,1,Power,Rare,普通奖励,False,睦：永久4力量、失去1敏捷；墨：永久4敏捷、失去1力量。,基础效果同左，应用以下变化：力量4→6；敏捷4→5。,无固定关键词,力量活力多段、敏捷格挡转化,Generator、Bridge,数值,False,同一能力根据打出形态选择攻击或防御成长。,https://github.com/FFTYYY/sts2-MzmChar-mod/blob/03dc9add4db955351e05bcfce06cf2889f25a695/src/Game/CharacterContent/Cards/CantPlayAtAll.cs#L42
Catharsis,宣泄,1,Attack,Uncommon,普通奖励,False,睦：本回合6力量；墨：7伤害×2。,基础效果同左，应用以下变化：睦额外4活力；每段伤害7→9。,无固定关键词,力量活力多段,Generator、Consumer、Payoff,混合,False,一条攻击命令的多段攻击；新增活力属于资源维度变化。,https://github.com/FFTYYY/sts2-MzmChar-mod/blob/03dc9add4db955351e05bcfce06cf2889f25a695/src/Game/CharacterContent/Cards/Catharsis.cs#L45
ChaseCat,猫猫,1,Attack,Common,普通奖励,False,睦：抽2；墨：3伤害×3，每段独立随机目标。,基础效果同左，应用以下变化：抽2→3；每段3→4。,无固定关键词,力量活力多段,Consumer、Payoff、Utility,数值,False,多段兑现力量与活力，抽牌提供低配用途。,https://github.com/FFTYYY/sts2-MzmChar-mod/blob/03dc9add4db955351e05bcfce06cf2889f25a695/src/Game/CharacterContent/Cards/ChaseCat.cs#L36
Comedian,搞笑艺人,3,Power,Rare,普通奖励,False,每实际切换2次形态，为下回合积累1能量。,基础效果同左，应用以下变化：费用3→2。,无固定关键词,切换引擎,Generator、Payoff、Build-around,费用,False,每份能力独立计数；能量延迟到账。,https://github.com/FFTYYY/sts2-MzmChar-mod/blob/03dc9add4db955351e05bcfce06cf2889f25a695/src/Game/CharacterContent/Cards/Comedian.cs#L27
Contemplate,低头沉思,1,Skill,Uncommon,普通奖励,False,睦：9格挡；墨：弃牌堆选1张回手。,基础效果同左，应用以下变化：格挡9→13；回手的牌获得保留。,无固定关键词,泛用,Utility,混合,True,回收不限定某个机制，按纯Utility统计。,https://github.com/FFTYYY/sts2-MzmChar-mod/blob/03dc9add4db955351e05bcfce06cf2889f25a695/src/Game/CharacterContent/Cards/Contemplate.cs#L33
Crumble,崩坏,2,Attack,Rare,普通奖励,False,睦：目标6易伤；墨：对目标造成(3+目标易伤层数)伤害×3。,基础效果同左，应用以下变化：易伤6→8；攻击次数3→4。,无固定关键词,力量活力多段,Generator、Consumer、Payoff,数值,False,将易伤层数再次作为基础伤害系数。,https://github.com/FFTYYY/sts2-MzmChar-mod/blob/03dc9add4db955351e05bcfce06cf2889f25a695/src/Game/CharacterContent/Cards/Crumble.cs#L57
CryInRain,雨中流泪,2,Attack,Rare,普通奖励,False,按打出前本战斗切换次数，每次获得本回合1力量。睦：目标1易伤并进入墨；墨：5伤害。,基础效果同左，应用以下变化：每次切换对应临时力量1→2。,无固定关键词,切换引擎、力量活力多段,Generator、Payoff、Bridge,数值,False,切换历史变成攻击成长；本牌随后造成的切换不计入本次快照。,https://github.com/FFTYYY/sts2-MzmChar-mod/blob/03dc9add4db955351e05bcfce06cf2889f25a695/src/Game/CharacterContent/Cards/CryInRain.cs#L31
CutLine,剪切线,1,Power,Uncommon,普通奖励,False,回合结束前，每1层若叶睦临时力量获得2活力。,基础效果同左，应用以下变化：每层2→3活力；增加固有。,无固定关键词,力量活力多段,Generator、Payoff、Build-around,混合,False,在临时力量清理前结算，将当回合投资带入后续回合。,https://github.com/FFTYYY/sts2-MzmChar-mod/blob/03dc9add4db955351e05bcfce06cf2889f25a695/src/Game/CharacterContent/Cards/CutLine.cs#L41
DeathLake,死亡之湖,2,Power,Uncommon,普通奖励,False,以小墨开始回合时获得2永久力量。【虚无】,基础效果同左，应用以下变化：移除虚无。,虚无,力量活力多段,Generator、Build-around,功能,False,要求回合起始形态，不是打出时形态。,https://github.com/FFTYYY/sts2-MzmChar-mod/blob/03dc9add4db955351e05bcfce06cf2889f25a695/src/Game/CharacterContent/Cards/DeathLake.cs#L33
DevourSelf,吞噬自己,1,Attack,Rare,普通奖励,False,睦：获得当前敏捷×2活力，进入墨；墨：造成当前敏捷×3伤害，进入睦。,基础效果同左，应用以下变化：活力倍率2→3；伤害倍率3→4。,无固定关键词,切换引擎、敏捷格挡转化、力量活力多段,Generator、Consumer、Payoff、Bridge,数值,False,敏捷投资可转换成攻击回报，并推进切换。,https://github.com/FFTYYY/sts2-MzmChar-mod/blob/03dc9add4db955351e05bcfce06cf2889f25a695/src/Game/CharacterContent/Cards/DevourSelf.cs#L40
Disharmony,不和谐音,0,Attack,Ancient,先古特殊,False,每次结算对全体造成0基础伤害×2；设置BaseReplayCount=2。,基础效果同左，应用以下变化：每次结算追加1次0基础格挡。,无固定关键词,力量活力多段,Consumer、Payoff,功能,False,由古老牙齿把睦头人出击转换得到；总重放行为需游戏运行验证，勿只读本地化。,https://github.com/FFTYYY/sts2-MzmChar-mod/blob/03dc9add4db955351e05bcfce06cf2889f25a695/src/Game/CharacterContent/Cards/Disharmony.cs#L43
Disintegration,人格解体,1,Power,Rare,普通奖励,False,每次实际切换，随机给本战斗1张尚无虚无的牌添加虚无。,基础效果同左，应用以下变化：费用1→0。,无固定关键词,切换引擎、虚无压缩,Enabler、Build-around、Bridge,费用,False,切换推进牌堆压缩；虚无不等于立即消耗，也可能移除关键牌。,https://github.com/FFTYYY/sts2-MzmChar-mod/blob/03dc9add4db955351e05bcfce06cf2889f25a695/src/Game/CharacterContent/Cards/Disintegration.cs#L27
Distort,扭曲,0,Skill,Common,普通奖励,False,睦：本回合失去2敏捷，获得1能量，进入墨；墨：随机敌人5伤害。,基础效果同左，应用以下变化：敏捷损失2→1；伤害5→6。,无固定关键词,切换引擎,Generator、Enabler、Utility,数值,False,以暂时防御代价换切换和能量。,https://github.com/FFTYYY/sts2-MzmChar-mod/blob/03dc9add4db955351e05bcfce06cf2889f25a695/src/Game/CharacterContent/Cards/Distort.cs#L47
DollHeart,人偶之心,1,Power,Rare,普通奖励,False,此后每打出1张能力牌，获得1力量。,基础效果同左，应用以下变化：增加固有。,无固定关键词,力量活力多段,Generator、Build-around,功能,False,安装能力的这张牌自身不触发新加的能力，Power显式跳过一次。,https://github.com/FFTYYY/sts2-MzmChar-mod/blob/03dc9add4db955351e05bcfce06cf2889f25a695/src/Game/CharacterContent/Cards/DollHeart.cs#L27
DollWaltz,人偶们的轮舞,X,Attack,Rare,普通奖励,False,X费；随机0基础伤害×floor(1.5X)，获得0基础格挡X次。,基础效果同左，应用以下变化：攻击次数floor(1.5X)→2X。,无固定关键词,力量活力多段、敏捷格挡转化,Consumer、Payoff、Build-around、Bridge,数值,False,通过多段伤害和多次格挡同时放大力量与敏捷。,https://github.com/FFTYYY/sts2-MzmChar-mod/blob/03dc9add4db955351e05bcfce06cf2889f25a695/src/Game/CharacterContent/Cards/DollWaltz.cs#L46
Emptiness,空洞,2,Skill,Uncommon,普通奖励,False,获得本回合(3+此牌本局累计打出次数)敏捷；打出后永久增加获得量1。【消耗】,基础效果同左，应用以下变化：费用2→1。,消耗,敏捷格挡转化,Generator、Build-around,费用,False,源码BaseDex=3；注释写4已过时；成长跨战斗保存。,https://github.com/FFTYYY/sts2-MzmChar-mod/blob/03dc9add4db955351e05bcfce06cf2889f25a695/src/Game/CharacterContent/Cards/Emptiness.cs#L43
Encore,安可,1,Power,Uncommon,普通奖励,False,演奏会回合结束获得1演艺热情；该能力总回补上限2。,基础效果同左，应用以下变化：回补1→2，上限仍2。,无固定关键词,演奏会,Generator、Payoff、Build-around,数值,False,多份安可不能无限提高回补量。,https://github.com/FFTYYY/sts2-MzmChar-mod/blob/03dc9add4db955351e05bcfce06cf2889f25a695/src/Game/CharacterContent/Cards/Encore.cs#L40
Ensemble,合奏,1,Skill,Uncommon,普通奖励,True,所有其他存活玩家进入睦，各向抽牌堆随机位置加入(1+此牌本战斗先前打出次数)张随机不同演奏牌。,基础效果同左，应用以下变化：初始生成数1→2。,无固定关键词,演奏会、生成协作、切换引擎,Generator、Enabler、Bridge,数值,False,多人协作连接演奏、生成和切换；单次不同模板，无足够候选则少生成。,https://github.com/FFTYYY/sts2-MzmChar-mod/blob/03dc9add4db955351e05bcfce06cf2889f25a695/src/Game/CharacterContent/Cards/Ensemble.cs#L69
Escape,逃离,0,Skill,Common,普通奖励,False,获得本回合3敏捷；进入睦。,基础效果同左，应用以下变化：敏捷3→5。,无固定关键词,切换引擎、敏捷格挡转化,Generator、Enabler、Bridge,数值,False,切换行动同时准备防御属性。,https://github.com/FFTYYY/sts2-MzmChar-mod/blob/03dc9add4db955351e05bcfce06cf2889f25a695/src/Game/CharacterContent/Cards/Escape.cs#L40
FallIntoAbyss,坠入深渊,0,Power,Rare,普通奖励,False,抽2，获得2能量、12活力；本战斗禁止再进入睦。,基础效果同左，应用以下变化：抽2→3；活力12→20。,无固定关键词,力量活力多段,Generator、Enabler、Build-around,数值,False,打出时不会自动进入墨；从睦打出仍需另行转入墨；封锁切换流。,https://github.com/FFTYYY/sts2-MzmChar-mod/blob/03dc9add4db955351e05bcfce06cf2889f25a695/src/Game/CharacterContent/Cards/FallIntoAbyss.cs#L42
FearlessOfDeath,无惧死亡,2,Power,Uncommon,普通奖励,False,本战斗下一次死亡时以1生命复活。,基础效果同左，应用以下变化：复活生命1→20。,无固定关键词,泛用,Utility,数值,True,一次性死亡保护；未在游戏中验证时序。,https://github.com/FFTYYY/sts2-MzmChar-mod/blob/03dc9add4db955351e05bcfce06cf2889f25a695/src/Game/CharacterContent/Cards/FearlessOfDeath.cs#L34
FightForBody,争夺身体,2,Attack,Uncommon,普通奖励,False,按本回合非起手抽牌数N：睦获得4N格挡并进入墨；墨造成5N伤害并进入睦。,基础效果同左，应用以下变化：费用2→1。,无固定关键词,切换引擎、敏捷格挡转化,Payoff、Bridge,费用,False,额外抽牌历史连接防御兑现和切换；N不含正常回合抽牌。,https://github.com/FFTYYY/sts2-MzmChar-mod/blob/03dc9add4db955351e05bcfce06cf2889f25a695/src/Game/CharacterContent/Cards/FightForBody.cs#L39
FrontPersona,表人格,0,Skill,Token,生成牌,False,进入睦；获得1能量。【保留】,基础效果同左，应用以下变化：额外获得4活力。,保留,切换引擎,Generator、Enabler,功能,False,升级新增攻击铺垫；初始遗物生成，基础版不计Bridge。,https://github.com/FFTYYY/sts2-MzmChar-mod/blob/03dc9add4db955351e05bcfce06cf2889f25a695/src/Game/CharacterContent/Cards/FrontPersona.cs#L48
FunnyFace,做鬼脸,0,Attack,Common,普通奖励,False,造成7伤害；进入墨。,基础效果同左，应用以下变化：伤害7→10。,无固定关键词,切换引擎,Enabler、Utility,数值,False,已经是墨时不发生实际切换。,https://github.com/FFTYYY/sts2-MzmChar-mod/blob/03dc9add4db955351e05bcfce06cf2889f25a695/src/Game/CharacterContent/Cards/FunnyFace.cs#L36
GhostScream,鬼叫,2,Attack,Uncommon,普通奖励,False,睦：每已有4活力再获得2活力；墨：12伤害并施加2虚弱。,基础效果同左，应用以下变化：费用2→1。,无固定关键词,力量活力多段,Generator、Payoff、Utility,费用,False,睦增量为floor(活力/4)×2，0活力不会凭空起动。,https://github.com/FFTYYY/sts2-MzmChar-mod/blob/03dc9add4db955351e05bcfce06cf2889f25a695/src/Game/CharacterContent/Cards/GhostScream.cs#L29
GreenhouseGirl,温室少女,1,Skill,Uncommon,普通奖励,False,睦：8格挡；墨：从弃牌堆选择至多2张消耗。,基础效果同左，应用以下变化：格挡8→10；最多消耗2→3张。,无固定关键词,虚无压缩,Enabler、Utility,数值,False,有选择的牌堆压缩，普通格挡提供兜底用途。,https://github.com/FFTYYY/sts2-MzmChar-mod/blob/03dc9add4db955351e05bcfce06cf2889f25a695/src/Game/CharacterContent/Cards/GreenhouseGirl.cs#L34
GuitarSmash,吉他打击,2,Attack,Common,普通奖励,False,睦：目标2易伤，本回合4力量；墨：12伤害后抽2。,基础效果同左，应用以下变化：费用2→1。,无固定关键词,力量活力多段,Generator、Enabler、Utility,费用,False,攻击投资与过牌在同卡两种形态中分工。,https://github.com/FFTYYY/sts2-MzmChar-mod/blob/03dc9add4db955351e05bcfce06cf2889f25a695/src/Game/CharacterContent/Cards/GuitarSmash.cs#L52
Harmony,和声,1,Attack,Common,普通奖励,False,先抽1。睦：8格挡；墨：8伤害。,基础效果同左，应用以下变化：格挡8→11；伤害8→9；墨额外再抽1。,无固定关键词,泛用,Utility,混合,True,无专属资源依赖，按纯Utility统计。,https://github.com/FFTYYY/sts2-MzmChar-mod/blob/03dc9add4db955351e05bcfce06cf2889f25a695/src/Game/CharacterContent/Cards/Harmony.cs#L33
HeartResonance,心灵共鸣,2,Skill,Rare,普通奖励,True,所有存活玩家进入睦；各在手牌、抽牌堆、弃牌堆生成1张随机角色牌，第一次打出0费。【消耗】,基础效果同左，应用以下变化：费用2→1。,消耗,生成协作、切换引擎,Generator、Enabler、Bridge,费用,False,源码限制仅多人；包含自己；生成排除禁止生成及模式不符的牌。,https://github.com/FFTYYY/sts2-MzmChar-mod/blob/03dc9add4db955351e05bcfce06cf2889f25a695/src/Game/CharacterContent/Cards/HeartResonance.cs#L49
HideHeart,收起真心,1,Skill,Uncommon,普通奖励,False,下回合获得2能量。睦：5格挡；墨：进入睦。,基础效果同左，应用以下变化：下回合能量2→3；格挡5→7。,无固定关键词,切换引擎,Generator、Enabler、Utility,数值,False,切换与跨回合能量调度。,https://github.com/FFTYYY/sts2-MzmChar-mod/blob/03dc9add4db955351e05bcfce06cf2889f25a695/src/Game/CharacterContent/Cards/HideHeart.cs#L44
HollowActor,空心演员,X,Skill,Uncommon,普通奖励,False,X费；获得X层转换人格，下回合开始逐层切换。,基础效果同左，应用以下变化：层数X→X+1。,无固定关键词,切换引擎,Generator、Enabler、Payoff,数值,False,X=0时升级版仍给1层；单张牌可批量制造切换。,https://github.com/FFTYYY/sts2-MzmChar-mod/blob/03dc9add4db955351e05bcfce06cf2889f25a695/src/Game/CharacterContent/Cards/HollowActor.cs#L39
HugThigh,抱住大腿,2,Power,Uncommon,普通奖励,True,清除另一玩家的力量、敏捷、活力，自己获得对应层数的2倍；给该玩家弃牌堆加入本牌复制品。,基础效果同左，应用以下变化：复制品改放抽牌堆随机位置，并继承升级。,无固定关键词,生成协作、力量活力多段、敏捷格挡转化,Generator、Payoff、Bridge,功能,False,仅多人；StealPower包含负层数转移，0层才跳过。,https://github.com/FFTYYY/sts2-MzmChar-mod/blob/03dc9add4db955351e05bcfce06cf2889f25a695/src/Game/CharacterContent/Cards/HugThigh.cs#L52
Imitate,模仿,2,Attack,Uncommon,普通奖励,False,睦：12格挡，目标2虚弱；墨：以目标第一项攻击意图的总伤害作为本次基础伤害，无攻击则1。,基础效果同左，应用以下变化：费用2→1。,无固定关键词,泛用,Utility,费用,True,是单次攻击，非逐段复制；意图值与本次攻击增减伤分开计算。,https://github.com/FFTYYY/sts2-MzmChar-mod/blob/03dc9add4db955351e05bcfce06cf2889f25a695/src/Game/CharacterContent/Cards/Imitate.cs#L100
InnerNoise,心底的噪音,1,Skill,Rare,普通奖励,False,向手牌生成3张随机0费角色牌。,基础效果同左，应用以下变化：费用1→0。,无固定关键词,生成协作,Generator、Utility,费用,False,排除X费、禁止生成和模式不符的牌，不是给任意牌降费。,https://github.com/FFTYYY/sts2-MzmChar-mod/blob/03dc9add4db955351e05bcfce06cf2889f25a695/src/Game/CharacterContent/Cards/InnerNoise.cs#L25
Kneel,下跪,2,Skill,Uncommon,普通奖励,False,睦：受到的伤害减半1回合；墨：4覆甲，进入睦。,基础效果同左，应用以下变化：减伤1→2回合；覆甲4→6。,无固定关键词,切换引擎,Enabler、Utility,数值,False,减伤Power具体乘区及衰减时机见关联源码。,https://github.com/FFTYYY/sts2-MzmChar-mod/blob/03dc9add4db955351e05bcfce06cf2889f25a695/src/Game/CharacterContent/Cards/Kneel.cs#L43
LittleCucumber,小黄瓜,1,Skill,Uncommon,普通奖励,False,睦：回复7生命并失去2力量；墨：失去至多4生命且最低留1，获得2力量和2能量。【消耗】,基础效果同左，应用以下变化：回复7→10；自损上限4→2；能量2→3。,消耗,力量活力多段,Generator、Utility,数值,False,自损走Unblockable/Unpowered伤害；当前HP不足不影响后续奖励。,https://github.com/FFTYYY/sts2-MzmChar-mod/blob/03dc9add4db955351e05bcfce06cf2889f25a695/src/Game/CharacterContent/Cards/LittleCucumber.cs#L45
LookAway,移开视线,1,Skill,Uncommon,普通奖励,False,移除自身易伤、虚弱、脆弱。【消耗】,基础效果同左，应用以下变化：增加保留。,消耗,泛用,Utility,功能,True,通用净化，不清理所有负面状态。,https://github.com/FFTYYY/sts2-MzmChar-mod/blob/03dc9add4db955351e05bcfce06cf2889f25a695/src/Game/CharacterContent/Cards/LookAway.cs#L25
Madness,疯癫,1,Skill,Uncommon,普通奖励,False,第k次先前使用后费用为1+k、先获得k能量。睦再获2能量并进入墨；墨抽3+k并进入睦；使用后费用及成长计数+1。,基础效果同左，应用以下变化：睦额外能量2→3；墨基础抽牌3→4。,无固定关键词,切换引擎,Generator、Enabler、Build-around,数值,False,k是本战斗同实例先前打出次数；高费用仍须先付，不能只看净能量。,https://github.com/FFTYYY/sts2-MzmChar-mod/blob/03dc9add4db955351e05bcfce06cf2889f25a695/src/Game/CharacterContent/Cards/Madness.cs#L44
MaskedPlay,假面剧,1,Skill,Uncommon,普通奖励,False,非演奏会：1热情；演奏会睦：抽3；演奏会墨：获得3能量。【虚无、消耗、演奏】,基础效果同左，应用以下变化：抽3→4；能量3→4。,虚无、消耗、演奏,演奏会,Generator、Payoff、Utility,数值,False,窗口内的过牌或能量续航。,https://github.com/FFTYYY/sts2-MzmChar-mod/blob/03dc9add4db955351e05bcfce06cf2889f25a695/src/Game/CharacterContent/Cards/MaskedPlay.cs#L49
Megaphone,传话筒,2,Power,Uncommon,普通奖励,False,按打出时形态安装能力：睦为每回合多抽1；墨为回合起始随机手牌本回合0费。,基础效果同左，应用以下变化：费用2→1。,无固定关键词,泛用,Utility,费用,True,收益分支在打出时固定，后续切换不会改变已装能力；纯Utility。,https://github.com/FFTYYY/sts2-MzmChar-mod/blob/03dc9add4db955351e05bcfce06cf2889f25a695/src/Game/CharacterContent/Cards/Megaphone.cs#L32
MemoryOfBand,回忆中的乐队,3,Power,Rare,普通奖励,False,获得5演艺热情。,基础效果同左，应用以下变化：费用3→2。,无固定关键词,演奏会,Generator、Enabler,费用,False,达到阈值安排回合末后的演奏会，不是立即切换窗口。,https://github.com/FFTYYY/sts2-MzmChar-mod/blob/03dc9add4db955351e05bcfce06cf2889f25a695/src/Game/CharacterContent/Cards/MemoryOfBand.cs#L31
MirrorDoll,镜中人,2,Attack,Rare,普通奖励,False,睦：获得2能量、6格挡并进入墨；墨：3伤害×(2+本回合此前睦出牌数)，再进入睦。,基础效果同左，应用以下变化：格挡6→9；每段3→5。,无固定关键词,切换引擎、力量活力多段,Generator、Consumer、Payoff、Build-around、Bridge,数值,False,睦出牌历史变成墨攻击段数，随后返回睦续循环。,https://github.com/FFTYYY/sts2-MzmChar-mod/blob/03dc9add4db955351e05bcfce06cf2889f25a695/src/Game/CharacterContent/Cards/MirrorDoll.cs#L64
MoonForestUniform,月之森制服,1,Power,Uncommon,普通奖励,False,以睦开始回合时，获得本回合2敏捷。,基础效果同左，应用以下变化：临时敏捷2→4。,无固定关键词,敏捷格挡转化,Generator、Build-around,数值,False,回合开始检查形态。,https://github.com/FFTYYY/sts2-MzmChar-mod/blob/03dc9add4db955351e05bcfce06cf2889f25a695/src/Game/CharacterContent/Cards/MoonForestUniform.cs#L34
MortisCard,Mortis,2,Power,Uncommon,普通奖励,False,每次实际切换形态，对所有敌人造成8不受力量等修正的伤害。,基础效果同左，应用以下变化：费用2→1。,无固定关键词,切换引擎,Payoff、Build-around,费用,False,Power使用Move与Unpowered，非一次攻击牌打出，不能当成活力多段攻击。,https://github.com/FFTYYY/sts2-MzmChar-mod/blob/03dc9add4db955351e05bcfce06cf2889f25a695/src/Game/CharacterContent/Cards/MortisCard.cs#L34
MoveCard,移动,1,Skill,Common,普通奖励,False,睦：3格挡，弃牌堆选1回手；墨：抽2。,基础效果同左，应用以下变化：格挡3→5；抽2→3。,无固定关键词,泛用,Utility,数值,True,基础循环的通用回收工具。,https://github.com/FFTYYY/sts2-MzmChar-mod/blob/03dc9add4db955351e05bcfce06cf2889f25a695/src/Game/CharacterContent/Cards/MoveCard.cs#L48
MuBurn,燃烧,1,Power,Uncommon,普通奖励,False,获得2力量。,基础效果同左，应用以下变化：力量2→3。,无固定关键词,力量活力多段,Generator,数值,False,简洁的长期攻击成长。,https://github.com/FFTYYY/sts2-MzmChar-mod/blob/03dc9add4db955351e05bcfce06cf2889f25a695/src/Game/CharacterContent/Cards/MuBurn.cs#L35
MuCourage,勇气,1,Attack,Uncommon,普通奖励,False,睦：4伤害×2；墨：7格挡。,基础效果同左，应用以下变化：增加保留。,无固定关键词,力量活力多段,Consumer、Payoff、Utility,功能,False,在睦形态也能兑现多段攻击，避免固定睦只铺垫。,https://github.com/FFTYYY/sts2-MzmChar-mod/blob/03dc9add4db955351e05bcfce06cf2889f25a695/src/Game/CharacterContent/Cards/MuCourage.cs#L34
MuDefend,防御,1,Skill,Basic,初始,False,睦：6格挡；墨：先3格挡，再获得本回合1敏捷。,基础效果同左，应用以下变化：睦格挡6→9；墨格挡3→5、敏捷1→2。,无固定关键词,敏捷格挡转化,Generator、Utility,数值,False,顺序重要，刚获得的敏捷不加成本牌先前格挡。,https://github.com/FFTYYY/sts2-MzmChar-mod/blob/03dc9add4db955351e05bcfce06cf2889f25a695/src/Game/CharacterContent/Cards/MuDefend.cs#L50
MuGrandFinale,华丽谢幕,1,Attack,Rare,普通奖励,False,非演奏会：1热情；演奏会且打出后手牌为0：全体5伤害×4，否则无伤害。【虚无、消耗、演奏】,基础效果同左，应用以下变化：每段5→8。,虚无、消耗、演奏,演奏会、力量活力多段,Generator、Consumer、Payoff、Bridge,数值,False,演奏窗口和清空手牌共同约束高段数回报。,https://github.com/FFTYYY/sts2-MzmChar-mod/blob/03dc9add4db955351e05bcfce06cf2889f25a695/src/Game/CharacterContent/Cards/MuGrandFinale.cs#L50
MuMask,面具,1,Skill,Common,普通奖励,False,获得1热情；切换形态。,基础效果同左，应用以下变化：费用1→0。,无固定关键词,切换引擎、演奏会,Generator、Enabler、Bridge,费用,False,同一张牌推进两个独立循环。,https://github.com/FFTYYY/sts2-MzmChar-mod/blob/03dc9add4db955351e05bcfce06cf2889f25a695/src/Game/CharacterContent/Cards/MuMask.cs#L37
MuMonologue,独白,0,Attack,Common,普通奖励,False,非演奏会：1热情；演奏会：5伤害×2。【虚无、消耗、演奏】,基础效果同左，应用以下变化：次数2→3。,虚无、消耗、演奏,演奏会、力量活力多段,Generator、Consumer、Payoff、Bridge,数值,False,演奏会把资源牌变成多段攻击。,https://github.com/FFTYYY/sts2-MzmChar-mod/blob/03dc9add4db955351e05bcfce06cf2889f25a695/src/Game/CharacterContent/Cards/MuMonologue.cs#L46
MuOneForAll,一心化万,2,Power,Rare,普通奖励,True,所有其他存活玩家进入睦，并各向抽牌堆加入使用者整副永久卡组的复制品，保留升级次数。,基础效果同左，应用以下变化：费用2→1。,无固定关键词,生成协作、切换引擎,Generator、Enabler、Bridge,费用,False,仅多人；不复制所有SavedProperty，不等于原封不动复制成长状态。,https://github.com/FFTYYY/sts2-MzmChar-mod/blob/03dc9add4db955351e05bcfce06cf2889f25a695/src/Game/CharacterContent/Cards/MuOneForAll.cs#L41
MuStrike,打击,1,Attack,Basic,初始,False,睦：4活力与本回合1力量；墨：7伤害。,基础效果同左，应用以下变化：活力4→5、临时力量1→2；伤害7→10。,无固定关键词,力量活力多段,Generator、Consumer、Payoff,数值,False,起始牌直接承担铺垫与兑现。,https://github.com/FFTYYY/sts2-MzmChar-mod/blob/03dc9add4db955351e05bcfce06cf2889f25a695/src/Game/CharacterContent/Cards/MuStrike.cs#L51
MultipleMonster,多首的怪物,3,Skill,Rare,普通奖励,False,获得等于本战斗实际切换总次数的转换人格层数。【虚无】,基础效果同左，应用以下变化：移除虚无。,虚无,切换引擎,Generator、Payoff、Build-around,功能,False,没有额外固定基础层数；0次切换则获得0。,https://github.com/FFTYYY/sts2-MzmChar-mod/blob/03dc9add4db955351e05bcfce06cf2889f25a695/src/Game/CharacterContent/Cards/MultipleMonster.cs#L31
Mutsumi,睦头人,1,Skill,Uncommon,普通奖励,False,睦：4格挡×2，进入墨；墨：全体1虚弱，本回合3敏捷，进入睦。,基础效果同左，应用以下变化：睦额外本回合2力量；墨全体虚弱1→2。,无固定关键词,切换引擎、敏捷格挡转化,Generator、Enabler、Payoff、Bridge,混合,False,多次格挡放大敏捷，同时在两形态间周转。,https://github.com/FFTYYY/sts2-MzmChar-mod/blob/03dc9add4db955351e05bcfce06cf2889f25a695/src/Game/CharacterContent/Cards/Mutsumi.cs#L49
MutsumiCharge,睦头人出击！,0,Attack,Basic,初始,False,对目标造成0基础伤害×2。,基础效果同左，应用以下变化：额外获得0基础格挡×2。,无固定关键词,力量活力多段,Consumer、Payoff,功能,False,升级后接敏捷；0基础值仍可承接属性修正，不是没有效果。,https://github.com/FFTYYY/sts2-MzmChar-mod/blob/03dc9add4db955351e05bcfce06cf2889f25a695/src/Game/CharacterContent/Cards/MutsumiCharge.cs#L41
NeverHappyInBand,从来没觉得玩乐队开心过,1,Skill,Rare,普通奖励,False,将消耗堆全部演奏牌移到抽牌堆，再把战斗各牌堆的全部演奏牌变为随机角色牌。【消耗】,基础效果同左，应用以下变化：替换牌全部升级。,消耗,演奏会、生成协作,Enabler、Bridge,功能,False,把演奏组件转换成生成牌路线，转换只限本战斗。,https://github.com/FFTYYY/sts2-MzmChar-mod/blob/03dc9add4db955351e05bcfce06cf2889f25a695/src/Game/CharacterContent/Cards/NeverHappyInBand.cs#L38
NoStayingUp,熬夜禁止,1,Skill,Uncommon,普通奖励,False,睦：每已有3力量再获得1力量；墨：下一次攻击保留活力。【消耗】,基础效果同左，应用以下变化：移除消耗。,消耗,力量活力多段,Generator、Enabler、Payoff、Build-around,功能,False,升级改变可重复成长与活力保留次数的上限。,https://github.com/FFTYYY/sts2-MzmChar-mod/blob/03dc9add4db955351e05bcfce06cf2889f25a695/src/Game/CharacterContent/Cards/NoStayingUp.cs#L28
NobleHouse,名门,1,Power,Uncommon,普通奖励,False,回合开始，每1当前热情获得3格挡。,基础效果同左，应用以下变化：增加固有。,无固定关键词,演奏会、敏捷格挡转化,Payoff、Build-around、Bridge,功能,False,热情存量转防御；格挡不受敏捷修正，可接格挡转活力。,https://github.com/FFTYYY/sts2-MzmChar-mod/blob/03dc9add4db955351e05bcfce06cf2889f25a695/src/Game/CharacterContent/Cards/NobleHouse.cs#L42
Opening,开幕,1,Attack,Uncommon,普通奖励,False,非演奏会：1热情；演奏会睦：本回合7力量；演奏会墨：全体20伤害。【虚无、消耗、演奏】,基础效果同左，应用以下变化：力量7→9；伤害20→25。,虚无、消耗、演奏,演奏会、力量活力多段,Generator、Payoff、Bridge,数值,False,演奏会先投资力量，再用其他多段演奏牌兑现。,https://github.com/FFTYYY/sts2-MzmChar-mod/blob/03dc9add4db955351e05bcfce06cf2889f25a695/src/Game/CharacterContent/Cards/Opening.cs#L51
OutOfControl,失控,1,Attack,Common,普通奖励,False,睦：6活力；墨：12伤害；然后随机进入睦或墨。,基础效果同左，应用以下变化：活力6→8；伤害12→15。,无固定关键词,切换引擎、力量活力多段,Generator、Payoff、Enabler、Bridge,数值,False,活力投资/兑现与随机形态推进；随机留在原形态不算切换。,https://github.com/FFTYYY/sts2-MzmChar-mod/blob/03dc9add4db955351e05bcfce06cf2889f25a695/src/Game/CharacterContent/Cards/OutOfControl.cs#L44
Performance,表演,1,Attack,Common,普通奖励,False,睦：7格挡、目标1虚弱，进入墨；墨：10伤害，进入睦。,基础效果同左，应用以下变化：格挡7→10；虚弱1→2；伤害10→14。,无固定关键词,切换引擎,Enabler、Utility,数值,False,普通牌承担双向切换和生存。,https://github.com/FFTYYY/sts2-MzmChar-mod/blob/03dc9add4db955351e05bcfce06cf2889f25a695/src/Game/CharacterContent/Cards/Performance.cs#L45
PerformancePassion,演艺热情,1,Skill,Common,普通奖励,False,抽2；获得1热情。,基础效果同左，应用以下变化：抽2→3。,无固定关键词,演奏会,Generator、Utility,数值,False,资源发生器附带过牌，减少构筑税。,https://github.com/FFTYYY/sts2-MzmChar-mod/blob/03dc9add4db955351e05bcfce06cf2889f25a695/src/Game/CharacterContent/Cards/PerformancePassion.cs#L32
PhantomPersona,幻想人格,1,Skill,Uncommon,普通奖励,False,移除正层数的若叶睦临时敏捷状态，已得到的敏捷本战斗不再因此失去。【消耗】,基础效果同左，应用以下变化：向弃牌堆加入本牌带虚无的升级复制品。,消耗,敏捷格挡转化,Enabler、Payoff、Build-around,功能,False,清除的是到期扣除标记，不是敏捷本体；负层数标记不会移除。,https://github.com/FFTYYY/sts2-MzmChar-mod/blob/03dc9add4db955351e05bcfce06cf2889f25a695/src/Game/CharacterContent/Cards/PhantomPersona.cs#L44
PlantCucumber,种植黄瓜,2,Power,Uncommon,普通奖励,False,每回合开始按当前形态：睦获得6格挡；墨获得4活力。,基础效果同左，应用以下变化：格挡6→8；活力4→6。,无固定关键词,敏捷格挡转化、力量活力多段,Generator、Bridge,数值,False,一份能力覆盖防御存量与下一次攻击资源；每份能力独立实例。,https://github.com/FFTYYY/sts2-MzmChar-mod/blob/03dc9add4db955351e05bcfce06cf2889f25a695/src/Game/CharacterContent/Cards/PlantCucumber.cs#L39
PlayDoubleMoon,演奏《双月》,1,Skill,Uncommon,普通奖励,False,非演奏会：1热情；演奏会：抽4，随后切换形态。【虚无、消耗、演奏】,基础效果同左，应用以下变化：抽4→6。,虚无、消耗、演奏,演奏会、切换引擎,Generator、Enabler、Bridge,数值,False,演奏窗口内过牌同时触发切换引擎。,https://github.com/FFTYYY/sts2-MzmChar-mod/blob/03dc9add4db955351e05bcfce06cf2889f25a695/src/Game/CharacterContent/Cards/PlayDoubleMoon.cs#L44
PlayHaruhikage,演奏《春日影》,1,Attack,Uncommon,普通奖励,False,非演奏会：1热情；演奏会睦：1无实体；演奏会墨：全体8伤害×2。【虚无、消耗、演奏】,基础效果同左，应用以下变化：睦额外10格挡；每段8→12。,虚无、消耗、演奏,演奏会、力量活力多段,Generator、Consumer、Payoff、Bridge,混合,False,同一窗口牌提供紧急防御或多段兑现。,https://github.com/FFTYYY/sts2-MzmChar-mod/blob/03dc9add4db955351e05bcfce06cf2889f25a695/src/Game/CharacterContent/Cards/PlayHaruhikage.cs#L53
PlayKillkiss,演奏《KillKiss》,1,Attack,Rare,普通奖励,False,非演奏会：1热情；演奏会睦：7覆甲；演奏会墨：24伤害。【虚无、消耗、演奏】,基础效果同左，应用以下变化：覆甲7→9；伤害24→30。,虚无、消耗、演奏,演奏会,Generator、Payoff、Utility,数值,False,演奏会的防御或单次伤害回报。,https://github.com/FFTYYY/sts2-MzmChar-mod/blob/03dc9add4db955351e05bcfce06cf2889f25a695/src/Game/CharacterContent/Cards/PlayKillkiss.cs#L54
Pluck,拨弦,1,Attack,Common,普通奖励,False,获得1热情。睦：4活力；墨：8伤害。,基础效果同左，应用以下变化：活力4→6；伤害8→12。,无固定关键词,演奏会、力量活力多段,Generator、Payoff、Bridge,数值,False,产热情同时推进活力攻击链。,https://github.com/FFTYYY/sts2-MzmChar-mod/blob/03dc9add4db955351e05bcfce06cf2889f25a695/src/Game/CharacterContent/Cards/Pluck.cs#L43
Rebellion,叛逆,1,Skill,Rare,普通奖励,False,把手牌、抽牌堆、弃牌堆所有带Strike标签的牌变为随机无色牌。【消耗】,基础效果同左，应用以下变化：替换牌全部升级。,消耗,生成协作,Enabler、Utility,功能,False,只变本战斗副本，消耗堆不在扫描范围。,https://github.com/FFTYYY/sts2-MzmChar-mod/blob/03dc9add4db955351e05bcfce06cf2889f25a695/src/Game/CharacterContent/Cards/Rebellion.cs#L31
Reborn,重生,4,Skill,Rare,普通奖励,False,移除坠入深渊；对所有敌人造成35伤害；获得10格挡。【消耗】,基础效果同左，应用以下变化：费用4→3。,消耗,切换引擎,Enabler、Utility,费用,False,解除切换锁，但不会自动切到睦；卡牌类型为Skill而执行攻击命令。,https://github.com/FFTYYY/sts2-MzmChar-mod/blob/03dc9add4db955351e05bcfce06cf2889f25a695/src/Game/CharacterContent/Cards/Reborn.cs#L41
Reminisce,回忆,1,Attack,Common,普通奖励,False,睦：全体1虚弱、1易伤，进入墨；墨：全体9伤害，进入睦。,基础效果同左，应用以下变化：两种减益1→2；伤害9→12。,无固定关键词,切换引擎、力量活力多段,Generator、Enabler、Bridge、Utility,数值,False,切换同时布置易伤，连接下一轮攻击。,https://github.com/FFTYYY/sts2-MzmChar-mod/blob/03dc9add4db955351e05bcfce06cf2889f25a695/src/Game/CharacterContent/Cards/Reminisce.cs#L46
SelfIsolate,自闭,0,Skill,Common,普通奖励,False,睦：5格挡；墨：获得1能量、自身1虚弱、进入睦。,基础效果同左，应用以下变化：格挡5→8；取消自身虚弱。,无固定关键词,切换引擎,Generator、Enabler、Utility,混合,False,取消负面效果使出牌顺序更自由。,https://github.com/FFTYYY/sts2-MzmChar-mod/blob/03dc9add4db955351e05bcfce06cf2889f25a695/src/Game/CharacterContent/Cards/SelfIsolate.cs#L47
Sidekick,小跟班,1,Attack,Uncommon,普通奖励,False,睦：给至多2张手牌添加虚无；墨：12伤害。,基础效果同左，应用以下变化：最多选2→3；伤害12→14。,无固定关键词,虚无压缩,Enabler、Utility,数值,False,主动设置回合结束压缩，不是立刻消耗选中牌。,https://github.com/FFTYYY/sts2-MzmChar-mod/blob/03dc9add4db955351e05bcfce06cf2889f25a695/src/Game/CharacterContent/Cards/Sidekick.cs#L34
Silence,沉默,1,Skill,Uncommon,普通奖励,False,睦：抽(1+本回合此前墨出牌数)；墨：5格挡并进入睦。,基础效果同左，应用以下变化：每张墨牌额外抽牌1→2；格挡5→8。,无固定关键词,切换引擎,Generator、Payoff、Utility,数值,False,墨的出牌历史补充睦的手牌，再继续转换。,https://github.com/FFTYYY/sts2-MzmChar-mod/blob/03dc9add4db955351e05bcfce06cf2889f25a695/src/Game/CharacterContent/Cards/Silence.cs#L33
StairsTumble,楼梯打滚,1,Attack,Common,普通奖励,False,睦：5活力、目标1易伤；墨：4伤害×2。,基础效果同左，应用以下变化：活力5→7；易伤1→2；每段4→7。,无固定关键词,力量活力多段,Generator、Consumer、Payoff,数值,False,普通牌同时提供攻击链的资源和多段出口。,https://github.com/FFTYYY/sts2-MzmChar-mod/blob/03dc9add4db955351e05bcfce06cf2889f25a695/src/Game/CharacterContent/Cards/StairsTumble.cs#L45
Surveillance,盯——,1,Skill,Uncommon,普通奖励,False,睦：本回合每次获得格挡同时获得等量活力；墨：随机敌人5伤害、本回合3敏捷、进入睦。,基础效果同左，应用以下变化：睦额外保留格挡至下次回合开始；伤害5→7、敏捷3→4。,无固定关键词,敏捷格挡转化、力量活力多段、切换引擎,Enabler、Payoff、Build-around、Bridge,混合,False,明确把格挡变成活力，防御体系可以给攻击供能。,https://github.com/FFTYYY/sts2-MzmChar-mod/blob/03dc9add4db955351e05bcfce06cf2889f25a695/src/Game/CharacterContent/Cards/Surveillance.cs#L50
SwitchPersona,人格转换,1,Skill,Basic,初始,False,获得本回合2力量、2敏捷；切换形态。,基础效果同左，应用以下变化：费用1→0。,无固定关键词,切换引擎、力量活力多段、敏捷格挡转化,Generator、Enabler、Bridge,费用,False,初始牌就连接形态与两种属性。,https://github.com/FFTYYY/sts2-MzmChar-mod/blob/03dc9add4db955351e05bcfce06cf2889f25a695/src/Game/CharacterContent/Cards/SwitchPersona.cs#L38
TearMaskGold,撕下面具,1,Skill,Rare,普通奖励,False,睦：2格挡×4；墨：获得1能量、5活力并进入睦。,基础效果同左，应用以下变化：每次格挡2→3；能量1→2。,无固定关键词,敏捷格挡转化、力量活力多段、切换引擎,Generator、Payoff、Bridge,数值,False,多次格挡放大敏捷；另一分支补充活力与切换。,https://github.com/FFTYYY/sts2-MzmChar-mod/blob/03dc9add4db955351e05bcfce06cf2889f25a695/src/Game/CharacterContent/Cards/TearMaskGold.cs#L46
ThousandthPersona,第一千个人格,1,Power,Ancient,先古特殊,False,每次实际切换，获得本回合2力量和2敏捷。,基础效果同左，应用以下变化：增加固有。,无固定关键词,切换引擎、力量活力多段、敏捷格挡转化,Generator、Payoff、Build-around、Bridge,功能,False,先古稀有度，禁止随机生成；本次未找到源码内的直接获得路径。,https://github.com/FFTYYY/sts2-MzmChar-mod/blob/03dc9add4db955351e05bcfce06cf2889f25a695/src/Game/CharacterContent/Cards/ThousandthPersona.cs#L48
Tune,调音,1,Skill,Common,普通奖励,False,获得1热情。睦：8格挡；墨：目标2虚弱。,基础效果同左，应用以下变化：格挡8→12；虚弱2→3。,无固定关键词,演奏会、敏捷格挡转化,Generator、Bridge、Utility,数值,False,热情积累自带防御，能支撑名门或格挡转活力。,https://github.com/FFTYYY/sts2-MzmChar-mod/blob/03dc9add4db955351e05bcfce06cf2889f25a695/src/Game/CharacterContent/Cards/Tune.cs#L43
TwinForms,双生形态,3,Power,Rare,普通奖励,False,每回合开始：若睦，随机敌人15伤害后进入墨；若墨，随机敌人2虚弱、2易伤后进入睦。,基础效果同左，应用以下变化：伤害15→25；两种减益2→4。,无固定关键词,切换引擎,Enabler、Payoff、Build-around,数值,False,每份独立触发；单一分支在触发时检查。,https://github.com/FFTYYY/sts2-MzmChar-mod/blob/03dc9add4db955351e05bcfce06cf2889f25a695/src/Game/CharacterContent/Cards/TwinForms.cs#L39
WakabaFortune,若叶家产,1,Skill,Rare,普通奖励,False,按打出前本战斗切换总次数，记录每次4金币，于胜利后获得。【消耗】,基础效果同左，应用以下变化：额外抽1。,消耗,切换引擎,Payoff、Utility,功能,False,收益是打出时快照，不会持续监听后续切换。,https://github.com/FFTYYY/sts2-MzmChar-mod/blob/03dc9add4db955351e05bcfce06cf2889f25a695/src/Game/CharacterContent/Cards/WakabaFortune.cs#L31
WontLastLong,不会长久的,1,Power,Rare,普通奖励,False,睦：25活力并进入墨，此后每打出1张牌本回合-1力量；墨：3无实体并进入睦，此后每打出1张牌本回合-1敏捷。,基础效果同左，应用以下变化：两种负面计数均改为每2张触发。,无固定关键词,切换引擎、力量活力多段,Generator、Enabler、Build-around、Bridge,数值,False,本牌自身不计入新负面计数；计数器可跨回合延续，扣属性在回合末恢复。,https://github.com/FFTYYY/sts2-MzmChar-mod/blob/03dc9add4db955351e05bcfce06cf2889f25a695/src/Game/CharacterContent/Cards/WontLastLong.cs#L49
